{
    "training_r2_score": 0.9974561210176388,
    "mae": 1104.5837343948929,
    "rmse": 7729282.907236391,
    "r2_score": 0.9849944577797402
}
