{
    "training_r2_score": 0.9974633835878844,
    "mae": 1105.6872945754974,
    "rmse": 7716341.181278424,
    "r2_score": 0.985019582699813
}
