{
    "training_r2_score": 0.9974719176287785,
    "mae": 1105.352346732293,
    "rmse": 7733723.866678521,
    "r2_score": 0.98498583615142
}
