{
    "training_r2_score": 0.997467429390189,
    "mae": 1105.9979688797466,
    "rmse": 7751701.720035556,
    "r2_score": 0.984950934150702
}
