{
    "training_r2_score": 0.9807429079655425,
    "mae": 1889.3907780467762,
    "rmse": 15240981.929339226,
    "r2_score": 0.9704113304476406
}
