{
    "training_r2_score": 0.9112680915890498,
    "mae": 4556.0103070177165,
    "rmse": 45387877.923707746,
    "r2_score": 0.9118844882965071
}
